,rmsd,rmsdh1,rmsdh2,rmsdh3,rmsdl1,rmsdl2,rmsdl3
l12_1,0.0,0.0,0.0,0.0,0.0,0.0,0.0
l13_1,0.0,0.0,0.0,0.0,0.0,0.0,0.0
l13_3,0.0,0.0,0.0,0.0,0.0,0.0,0.0
l13_2,0.0,0.0,0.0,0.0,0.0,0.0,0.0
l12_3,0.0,0.0,0.0,0.0,0.0,0.0,0.0
l13_4,0.0,0.0,0.0,0.0,0.0,0.0,0.0
l12_4,0.0,0.0,0.0,0.0,0.0,0.0,0.0
l13_5,0.0,0.0,0.0,0.0,0.0,0.0,0.0
l12_5,0.0,0.0,0.0,0.0,0.0,0.0,0.0
l12_2,0.0,0.0,0.0,0.0,0.0,0.0,0.0
"('l12_5',","0.4073991031390149,","0.3670000000000002,","0.5402500000000006,","0.9544382022471911,","0.558793103448277,","0.347727272727273,",0.6590277777777775)
"('l12_3',","0.3537410287081367,","0.29763636363636287,","0.40608333333333363,","0.7335955056179786,","0.5211494252873565,","0.3488636363636365,",0.5186111111111115)
"('l13_2',","0.38108803743784464,","0.32380952380952355,","0.48057613168724334,","0.8730697674418598,","0.49666666666666726,","0.3561363636363634,",0.5574999999999997)
"('l12_1',","0.3602014431749893,","0.2943636363636362,","0.4078333333333335,","0.8615028901734094,","0.5209195402298843,","0.3452272727272729,",0.5400694444444453)
"('l13_3',","0.34795141937372,","0.2956190476190473,","0.3992181069958851,","0.7555399061032859,","0.47499999999999826,","0.35727272727272735,",0.4711805555555563)
"('l13_4',","0.3752510215995359,","0.30057142857142827,","0.4055967078189315,","0.9918918918918888,","0.490402298850575,","0.3712499999999995,",0.48069444444444465)
"('l13_5',","0.36119860017497873,","0.2985714285714282,","0.40555555555555634,","0.8713333333333363,","0.4829310344827565,","0.36931818181818127,",0.4788194444444451)
"('l12_4',","0.35366487455197454,","0.3004545454545448,","0.4078333333333335,","0.742603550295858,","0.5502298850574722,","0.36090909090909074,",0.5440972222222232)
"('l13_1',","0.3563230543318693,","0.2979047619047618,","0.40292181069958855,","0.8188059701492533,","0.5052873563218399,","0.37318181818181784,",0.4736111111111123)
"('l12_2',","0.3536486486486516,","0.29318181818181793,","0.40833333333333444,","0.7846835443037954,","0.5486781609195397,","0.35329545454545463,",0.5375694444444452)
